Date,Open,High,Low,Close,Volume
03-01-2022,144.48,145.55,143.5,145.07,1261225
04-01-2022,145.55,146.61,143.82,144.42,1146389
05-01-2022,144.18,144.3,137.52,137.65,2482076
06-01-2022,137.5,139.69,136.76,137.55,1452452
07-01-2022,137.91,138.25,135.79,137,970412
10-01-2022,135.1,138.64,133.14,138.57,1704784
11-01-2022,138.18,140.33,136.81,140.02,1175062
12-01-2022,141.55,142.81,141.11,141.65,1182079
13-01-2022,141.84,143.19,138.91,139.13,1328254
14-01-2022,137.5,141.2,137.5,139.79,1191296
18-01-2022,136.6,137.39,135.62,136.29,1370098
19-01-2022,136.94,138.4,135.5,135.65,1039764
20-01-2022,136.51,137.91,133.14,133.51,1096528
21-01-2022,133.01,134.76,130,130.09,2095961
24-01-2022,126.03,130.78,124.64,130.37,2764602
25-01-2022,128.44,129.34,126.38,126.74,1800430
26-01-2022,130.59,132.81,127.15,129.24,1981544
27-01-2022,131.36,132.61,128.95,129.12,1514251
28-01-2022,130,133.37,128.69,133.29,1525878
31-01-2022,134.2,135.84,132.27,135.7,1702778
01-02-2022,137.84,138.2,134.57,137.88,2560160
02-02-2022,151.86,152.1,145.56,148.04,4487538
03-02-2022,145.29,149.12,142.21,142.65,2846507
04-02-2022,143.02,144.54,139.82,143.02,2461220
07-02-2022,143.71,143.85,138.7,138.94,2230537
08-02-2022,138.99,139.84,136.87,139.21,1712752
09-02-2022,140.85,142.18,140.38,141.45,1431358
10-02-2022,139.5,141.43,138.05,138.6,1650885
11-02-2022,138.75,139.28,133.29,134.13,1940440
14-02-2022,133.37,136.17,133.3,135.3,1339640
15-02-2022,137.47,137.9,135.54,136.43,1328878
16-02-2022,136.43,137.95,134.82,137.49,1280483
17-02-2022,136.15,136.84,132.2,132.31,1548406
18-02-2022,133.04,133.82,130.31,130.47,1592930
22-02-2022,129.99,131.9,127.74,129.4,1945329
23-02-2022,131.08,131.75,127.5,127.59,1321564
24-02-2022,125,133.04,124.76,132.67,2158254
25-02-2022,133.53,135.39,131.76,134.52,1311793
28-02-2022,133.28,135.64,132.83,134.89,1483784
01-03-2022,134.48,136.11,133.38,134.17,1231996
02-03-2022,134.61,135.62,133.43,134.75,1198337
03-03-2022,135.98,136.71,133.43,134.31,988965
04-03-2022,133.38,134.2,130.41,132.12,1223612
07-03-2022,131.9,131.9,126.41,126.46,1958895
08-03-2022,126.25,131.25,125.86,127.28,1762478
09-03-2022,131.4,134.2,130.09,133.87,1612872
10-03-2022,131.46,133.54,131.4,132.68,1213260
11-03-2022,134,134.2,130.3,130.48,1329990
14-03-2022,130.57,131.03,126.41,126.74,1512693
15-03-2022,127.74,130.52,126.57,129.66,1514630
16-03-2022,131,133.77,129.2,133.69,1602910
17-03-2022,133.32,134.74,132.72,134.6,1199719
18-03-2022,133.88,136.91,132.93,136.8,2294985
21-03-2022,136.85,137.58,134.61,136.48,1331623
22-03-2022,136.5,141.5,136.5,140.28,1488843
23-03-2022,139.14,140.03,138.17,138.5,1265116
24-03-2022,139.27,141.4,138.04,141.31,1027236
25-03-2022,141.75,141.96,139.7,141.52,964454
28-03-2022,140.68,141.98,139.83,141.95,1188654
29-03-2022,143.16,144.16,142.48,143.25,1433921
30-03-2022,142.87,143.48,142.17,142.64,1052319
31-03-2022,142.45,142.64,139.62,139.65,1475816
01-04-2022,140.01,140.95,138.8,140.7,1174001
04-04-2022,140.82,144.04,140.82,143.64,954245
05-04-2022,143.4,143.59,140.94,141.06,962778
06-04-2022,139.16,139.85,136.42,137.18,1178730
07-04-2022,136.62,137.7,134.86,136.47,972427
08-04-2022,136.25,136.25,133.75,134.01,821724
11-04-2022,132.9,132.94,129.62,129.8,1209367
12-04-2022,132.42,132.42,127.58,128.37,1150161
13-04-2022,128.63,130.66,128.44,130.29,977148
14-04-2022,130.65,130.71,127.11,127.25,1174168
18-04-2022,127.41,128.71,126.58,127.96,745860
19-04-2022,128.08,130.9,127.45,130.53,1135965
20-04-2022,131.28,131.92,127.89,128.25,1130469
21-04-2022,129.35,130.31,124.65,124.94,1507877
22-04-2022,125,125.45,119.14,119.61,2320515
25-04-2022,119.43,123.28,118.77,123.25,1726090
26-04-2022,122.75,122.75,119.16,119.51,2469652
27-04-2022,114.37,117.5,113.12,115.02,3111906
28-04-2022,117.12,120.44,115.14,119.41,1839547
29-04-2022,117.58,118.96,114.69,114.97,1684655
02-05-2022,113.91,117.34,113.4,117.16,1513982
03-05-2022,116.77,119.3,116.63,118.13,1060787
04-05-2022,118,123.14,115.74,122.58,1661573
05-05-2022,120.22,121.23,115.18,116.75,2154452
06-05-2022,115.52,117.5,114.14,115.66,1765474
09-05-2022,113.3,115.56,112.55,113.08,1726048
10-05-2022,116.04,116.69,113.38,114.58,1557889
11-05-2022,113.71,116.67,113.65,113.96,1825082
12-05-2022,111.94,114.86,110.11,113.16,2073244
13-05-2022,114.85,118.09,114,116.52,1486878
16-05-2022,115.38,116.61,114.34,114.79,1164119
17-05-2022,117.23,117.23,115.34,116.7,1078804
18-05-2022,115.24,115.7,112.14,112.4,1399138
19-05-2022,111.84,113.59,110.47,110.75,1459587
20-05-2022,112.09,112.55,106.37,109.31,1879301
23-05-2022,110.1,112.01,109.15,111.67,1577911
24-05-2022,106.38,106.4,102.21,105.93,3019319
25-05-2022,105.14,106.54,104.21,105.84,1894967
26-05-2022,106.05,108.96,105.49,108.3,1514374
27-05-2022,109.79,112.87,109.55,112.8,1496221
31-05-2022,113.08,116.43,112.57,114.04,2565096
01-06-2022,114.93,117.4,113.55,114.14,1431464
02-06-2022,114.19,117.9,113.31,117.75,1374770
03-06-2022,115.99,116.36,113.67,114.56,1247604
06-06-2022,116.74,119.4,116.53,117.01,1189336
07-06-2022,115.65,117.75,115.13,117.23,1320677
08-06-2022,116.88,118.65,116.7,117.24,1127213
09-06-2022,116.34,118.35,114.87,114.92,1157080
10-06-2022,112.78,113.5,110.86,111.43,1567487
13-06-2022,107.45,109.22,106.59,106.88,1837810
14-06-2022,106.89,108.46,106.35,107.19,1274047
15-06-2022,108.9,112.06,108.12,110.39,1659601
16-06-2022,108.15,109.29,105.79,106.64,1765662
17-06-2022,106.54,109.25,105.63,107.87,2175833
21-06-2022,109.7,112.67,109.29,112.02,1950514
22-06-2022,111.16,113.77,110.72,112.03,1196086
23-06-2022,112.95,113.2,111.03,112.68,1235486
24-06-2022,113.6,118.64,113.6,118.54,1956138
27-06-2022,118.94,119.25,116,116.62,1641965
28-06-2022,116.35,117.86,112.44,112.57,1415811
29-06-2022,112.15,113.66,111.55,112.26,931393
30-06-2022,110.5,111.33,107.31,109.37,1902302
01-07-2022,108.34,109.81,107.11,109.08,1551394
05-07-2022,107.51,114.05,106.25,113.89,1821469
06-07-2022,114.09,116.35,112.25,115.21,1442634
07-07-2022,116.01,119.86,115.53,119.31,1609197
08-07-2022,117.55,120.44,117.51,120.17,1454110
11-07-2022,118.65,118.79,116.23,116.52,1341523
12-07-2022,116.84,117.85,114.62,114.85,1248508
13-07-2022,112.64,115.16,111.82,112.19,1947943
14-07-2022,110.83,111.99,109.33,111.44,1618277
15-07-2022,112.96,114,111.82,112.77,1716538
18-07-2022,113.44,114.8,109.3,109.91,33353985
19-07-2022,111.73,114.81,110.5,114.62,30992331
20-07-2022,114.06,116.33,113.26,114.7,26780088
21-07-2022,115.09,115.21,111.91,115.04,27267848
22-07-2022,111.81,113.18,107.6,108.36,44455304
25-07-2022,108.88,110.58,107.01,108.21,28289942
26-07-2022,107.43,107.74,104.76,105.44,36626630
27-07-2022,109.6,114.4,108.42,113.6,41474618
28-07-2022,112.8,114.7,111.85,114.59,23303844
29-07-2022,113.4,116.9,113.23,116.64,31336183
01-08-2022,115.53,117.12,114.69,115.48,22856202
02-08-2022,114.43,117.08,114.26,115.9,17911039
03-08-2022,116.34,119.42,116.15,118.78,25302816
04-08-2022,118.3,119.5,117.71,118.87,15757698
05-08-2022,116.93,118.86,116.71,118.22,15615663
08-08-2022,119.12,120.86,117.83,118.14,17061112
09-08-2022,117.99,118.2,116.56,117.5,15424257
10-08-2022,119.59,121.78,119.36,120.65,20497021
11-08-2022,122.08,122.34,119.55,119.82,16671627
12-08-2022,121.16,122.65,120.4,122.65,16121087
15-08-2022,122.21,123.26,121.57,122.88,15524951
16-08-2022,122.32,123.23,121.54,122.51,15626171
17-08-2022,120.93,122.15,120.2,120.32,17589157
18-08-2022,120.23,121.69,119.55,120.86,15652029
19-08-2022,119.87,120,117.67,118.12,20186983
22-08-2022,116.1,116.5,114.67,115.07,19316024
23-08-2022,114.32,115.93,114.3,114.77,14390691
24-08-2022,114.45,115.72,113.78,114.7,16051174
25-08-2022,115.15,117.78,115.05,117.7,14874666
26-08-2022,115.81,116.6,111.22,111.3,31698668
29-08-2022,110.78,111.96,109.81,110.34,20386142
30-08-2022,111.03,111.37,108.8,109.91,20548202
31-08-2022,111.63,111.77,109.05,109.15,25897978
01-09-2022,109.2,111.22,108.19,110.55,22784385
02-09-2022,111.34,111.68,108.13,108.68,20618080
06-09-2022,108.14,108.88,106.51,107.48,20565050
07-09-2022,107.76,110.99,107.62,110.48,22987178
08-09-2022,109.18,110.58,108.06,109.42,21660654
09-09-2022,110.05,112,110,111.78,21745034
12-09-2022,111.99,112.64,110.93,111.87,19732905
13-09-2022,108.89,109.37,105,105.31,33014991
14-09-2022,105.44,106.1,104.5,105.87,22115805
15-09-2022,105.01,106.21,103.31,103.9,26494933
16-09-2022,102.97,104.03,101.86,103.63,64540115
19-09-2022,102.54,104.02,102.37,103.85,19738603
20-09-2022,102.88,103.17,101.12,101.83,24001668
21-09-2022,102.24,103.49,99.99,100.01,26596757
22-09-2022,99.45,101.68,99.41,100.57,21272675
23-09-2022,100.06,100.11,98.01,99.17,25656959
26-09-2022,98.61,100.44,98.38,98.81,22437938
27-09-2022,99.91,100.46,97.34,98.09,24224988
28-09-2022,98.02,101.4,97.8,100.74,24616999
29-09-2022,99.3,99.3,96.52,98.09,21921520
30-09-2022,97.73,99.49,96.03,96.15,26277832
03-10-2022,97.22,99.97,97.02,99.3,24840028
04-10-2022,101.04,102.72,101.04,102.41,22580931
05-10-2022,100.69,102.74,99.74,102.22,18475515
06-10-2022,101.5,103.73,101.5,102.24,17156240
07-10-2022,100.65,101.42,99.21,99.57,24249910
10-10-2022,99.85,99.99,97.87,98.71,16529897
11-10-2022,98.25,100.12,97.25,98.05,21617727
12-10-2022,98.27,99.65,97.67,98.3,17343431
13-10-2022,95.93,100.53,95.27,99.71,32812220
14-10-2022,100.63,101.29,97.03,97.18,22624832
17-10-2022,99.52,101.77,99.51,100.78,23311604
18-10-2022,103.94,104.22,100.65,101.39,21610541
19-10-2022,100.7,101.66,99.64,100.29,21573686
20-10-2022,100.82,103,99.97,100.53,25125082
21-10-2022,98.46,101.62,98.23,101.48,28988727
24-10-2022,102.09,103.1,100.3,102.97,24680831
25-10-2022,103.3,105.1,103.02,104.93,29910170
26-10-2022,96.76,98.54,94.57,94.82,71671814
27-10-2022,94.31,95.17,91.9,92.6,54036485
28-10-2022,92.53,96.86,92.32,96.58,35696925
31-10-2022,95.78,96.35,94.38,94.66,29868714
01-11-2022,95.59,96.17,90.43,90.5,43220599
02-11-2022,90.91,91.3,87.01,87.07,43553551
03-11-2022,86.35,86.55,83.45,83.49,48510364
04-11-2022,85.51,86.73,83.88,86.7,40173284
07-11-2022,87.34,88.94,86.96,88.65,26899879
08-11-2022,89.16,90.41,87.65,88.91,30172001
09-11-2022,88.55,89.49,87.36,87.4,26743883
10-11-2022,92.34,94.55,91.65,94.17,42371216
11-11-2022,94.71,97.36,94.16,96.73,30569112
14-11-2022,95.5,97.18,95.11,96.03,24170076
15-11-2022,98.67,100.42,97.02,98.72,31830969
16-11-2022,98.02,99.85,97.9,98.99,24660195
17-11-2022,97.18,99.48,97.1,98.5,21818732
18-11-2022,99.01,99.16,96.74,97.8,24969880
21-11-2022,97.56,98.72,95.67,95.83,18696874
22-11-2022,96.16,97.55,94.41,97.33,18868850
23-11-2022,97.34,99.07,97.34,98.82,17568859
25-11-2022,98.47,98.94,97.53,97.6,8567819
28-11-2022,97.2,97.83,95.89,96.25,19981974
29-11-2022,96,96.39,94.39,95.44,20220007
30-11-2022,95.12,101.45,94.67,101.45,39888074
01-12-2022,101.4,102.59,100.67,101.28,21771536
02-12-2022,99.37,101.15,99.17,100.83,18821527
05-12-2022,99.82,101.75,99.36,99.87,19955546
06-12-2022,99.67,100.21,96.76,97.31,20877623
07-12-2022,96.77,97.31,95.03,95.15,26647877
08-12-2022,95.69,95.87,93.8,93.95,25593232
09-12-2022,93.9,94.49,93.02,93.07,21885308
12-12-2022,93.09,93.87,91.9,93.56,27380948
13-12-2022,98.07,99.8,95.38,95.85,34788522
14-12-2022,95.54,97.22,93.94,95.31,26452939
15-12-2022,93.54,94.03,90.43,91.2,28298756
16-12-2022,91.2,91.75,90.01,90.86,48485507
19-12-2022,90.88,91.2,88.93,89.15,23020537
20-12-2022,88.73,89.78,88.04,89.63,21976846
21-12-2022,89.73,90.92,88.91,90.25,20336387
22-12-2022,88.93,89.18,86.94,88.26,23656066
23-12-2022,87.62,90.1,87.62,89.81,17815010
27-12-2022,89.31,89.5,87.54,87.93,15470870
28-12-2022,87.5,88.52,86.37,86.46,17879567
29-12-2022,87.03,89.37,86.99,88.95,18280660
30-12-2022,87.37,88.83,87.03,88.73,19190296
03-01-2023,89.83,91.55,89.02,89.7,20738457
04-01-2023,91.01,91.24,87.8,88.71,27046483
05-01-2023,88.07,88.21,86.56,86.77,23136084
06-01-2023,87.36,88.47,85.57,88.16,26612628
09-01-2023,89.2,90.83,88.58,88.8,22996681
10-01-2023,86.72,89.48,86.7,89.24,22855590
11-01-2023,90.06,92.45,89.74,92.26,25998844
12-01-2023,92.4,92.62,90.57,91.91,22754216
13-01-2023,91.53,92.98,90.93,92.8,18630709
17-01-2023,92.78,92.97,90.84,92.16,22935823
18-01-2023,92.94,93.59,91.4,91.78,19641622
19-01-2023,91.39,94.4,91.38,93.91,28707653
20-01-2023,95.95,99.42,95.91,99.28,53704763
23-01-2023,99.13,101.4,98.75,101.21,31791782
24-01-2023,99.55,101.09,98.7,99.21,27391372
25-01-2023,97.2,97.72,95.26,96.73,31000850
26-01-2023,98.28,99.21,96.82,99.16,24542060
27-01-2023,99.05,101.58,98.97,100.71,29020354
30-01-2023,98.75,99.41,97.52,97.95,24365142
31-01-2023,97.86,99.91,97.79,99.87,22306778
01-02-2023,99.74,102.19,98.42,101.43,26392568
02-02-2023,106.79,108.82,106.54,108.8,46622627
03-02-2023,103.51,108.02,103.3,105.22,36823421
06-02-2023,102.69,104.7,102.21,103.47,25573046
07-02-2023,103.63,108.67,103.55,108.04,33738828
08-02-2023,102.69,103.58,98.46,100,73546029
09-02-2023,100.54,100.61,93.86,95.46,97798573
10-02-2023,95.74,97.02,94.53,94.86,49325275
13-02-2023,95.01,95.35,94.05,95,43116559
14-02-2023,94.66,95.18,92.65,94.95,42513079
15-02-2023,94.74,97.34,94.36,97.1,37029885
16-02-2023,95.54,97.88,94.97,95.78,35642106
17-02-2023,95.07,95.75,93.45,94.59,31095067
21-02-2023,93.24,93.41,92,92.05,28367198
22-02-2023,91.93,92.36,90.87,91.8,29891135
23-02-2023,92.13,92.13,90.01,91.07,32423720
24-02-2023,89.63,90.13,88.86,89.35,31295619
27-02-2023,90.09,90.45,89.61,90.1,22724262
28-02-2023,89.54,91.45,89.52,90.3,30546912
01-03-2023,90.16,91.2,89.85,90.51,26323876
02-03-2023,89.86,92.48,89.77,92.31,23344562
03-03-2023,92.74,94.11,92.66,94.02,30242538
06-03-2023,94.36,96.3,94.3,95.58,28288206
07-03-2023,95.42,96.09,93.84,94.17,24101536
08-03-2023,94.41,96.24,94.41,94.65,25395200
09-03-2023,94.49,95.92,92.36,92.66,24438890
10-03-2023,92.5,93.18,90.8,91.01,32850092
13-03-2023,90.57,93.08,89.94,91.66,31508570
14-03-2023,93.07,94.83,92.78,94.25,32303881
15-03-2023,93.54,97.25,93.04,96.55,38367334
16-03-2023,96.57,101.97,95.87,101.07,54588200
17-03-2023,100.84,103.49,100.75,102.46,76140310
20-03-2023,101.06,102.58,100.79,101.93,26033916
21-03-2023,101.98,105.96,101.86,105.84,33122800
22-03-2023,105.14,107.51,104.21,104.22,32336877
23-03-2023,105.89,107.1,105.41,106.26,31385817
24-03-2023,105.74,106.16,104.74,106.06,25245010
27-03-2023,105.32,105.4,102.63,103.06,25393417
28-03-2023,103,103,100.28,101.36,24913480
29-03-2023,102.72,102.82,101.03,101.9,26148300
30-03-2023,101.44,101.61,100.29,101.32,25009829
31-03-2023,101.71,104.19,101.44,104,28107953
03-04-2023,102.67,104.95,102.38,104.91,20719861
04-04-2023,104.84,106.1,104.6,105.12,20377231
05-04-2023,106.12,106.54,104.1,104.95,21864200
06-04-2023,105.77,109.63,104.82,108.9,34684150
10-04-2023,107.39,107.97,105.6,106.95,19741517
11-04-2023,106.92,107.22,105.28,106.12,18721278
12-04-2023,107.39,107.59,104.97,105.22,22761569
13-04-2023,106.47,108.27,106.44,108.19,21650747
14-04-2023,107.69,109.58,107.59,109.46,20758686
17-04-2023,105.43,106.71,105.32,106.42,29043443
18-04-2023,107,107.05,104.78,105.12,17641369
19-04-2023,104.22,105.73,103.8,105.02,16732016
20-04-2023,104.65,106.89,104.64,105.9,22515331
21-04-2023,106.09,106.64,105.49,105.91,22379018
24-04-2023,106.05,107.32,105.36,106.78,21410908
25-04-2023,106.61,107.44,104.56,104.61,31408119
26-04-2023,105.56,107.02,103.27,104.45,37068168
27-04-2023,105.23,109.15,104.42,108.37,38235220
28-04-2023,107.8,108.29,106.04,108.22,23957872
01-05-2023,107.72,108.68,107.5,107.71,20926259
02-05-2023,107.66,107.73,104.5,105.98,20343116
03-05-2023,106.22,108.13,105.62,106.12,17116333
04-05-2023,106.16,106.3,104.7,105.21,19780637
05-05-2023,105.32,106.44,104.74,106.22,20710627
08-05-2023,105.8,108.42,105.79,108.24,17266021
09-05-2023,108.78,110.6,107.73,107.94,24782442
10-05-2023,108.55,113.51,108.48,112.28,47533463
11-05-2023,115.86,118.44,114.93,116.9,57115075
12-05-2023,117,118.26,116.55,117.92,31293778
15-05-2023,116.49,118.8,116.48,116.96,22107865
16-05-2023,116.83,121.2,116.83,120.09,32370113
17-05-2023,120.18,122.28,119.46,121.48,26659564
18-05-2023,121.56,123.9,121.49,123.52,27014468
19-05-2023,124.2,126.48,122.72,123.25,30268864
22-05-2023,123.51,127.05,123.45,125.87,29760236
23-05-2023,124.93,125.42,123.05,123.29,24477945
24-05-2023,121.88,122.75,120.75,121.64,23087925
25-05-2023,125.21,125.98,122.9,124.35,33812730
26-05-2023,124.07,126,123.29,125.43,25169036
30-05-2023,126.29,126.38,122.89,124.64,27230726
31-05-2023,123.7,124.9,123.1,123.37,41548759
01-06-2023,123.5,125.04,123.3,124.37,25017674
02-06-2023,124.49,126.75,124.35,125.23,19367453
05-06-2023,124.61,127.99,124.38,126.63,22672516
06-06-2023,126.6,128.88,125.97,127.91,19450128
07-06-2023,127.58,129.55,122.63,122.94,34179348
08-06-2023,122.59,123.73,122.01,122.67,24814996
09-06-2023,122.56,124.29,122.42,122.87,20313676
12-06-2023,123.4,124.75,122.35,124.35,22289632
13-06-2023,125.65,125.86,123.85,124.43,19287650
14-06-2023,123.8,124.79,122.16,124.38,24659620
15-06-2023,123.88,126.16,123.14,125.79,24517071
16-06-2023,126.7,126.7,123.79,124.06,56699200
20-06-2023,123.54,125.18,122.83,123.85,22698028
21-06-2023,123.24,123.41,120.86,121.26,22612002
22-06-2023,120.66,123.94,119.6,123.87,20781888
23-06-2023,122.04,123.44,121.86,123.02,29573123
26-06-2023,121.47,122.72,118.99,119.09,23184961
27-06-2023,117.84,119.9,116.91,119.01,27221714
28-06-2023,117.96,121.27,117.6,121.08,19753145
29-06-2023,120.09,120.91,119.21,120.01,18517458
30-06-2023,121.1,122.03,120.88,120.97,23871764
03-07-2023,120.32,121.02,119.71,120.56,13888262
05-07-2023,120.06,123.37,120.06,122.63,17830347
06-07-2023,120.64,121.15,119.25,120.93,17750181
07-07-2023,120.89,121.75,120.09,120.14,20997665
10-07-2023,119.07,119.07,116.64,116.87,32960078
11-07-2023,116.76,118.23,115.83,117.71,18286571
12-07-2023,119.3,120.96,119,119.62,22059611
13-07-2023,121.54,125.34,121.06,124.83,31535853
14-07-2023,125.13,127.09,124.9,125.7,20499780
17-07-2023,126.06,127.28,124.5,125.06,20675297
18-07-2023,124.91,124.99,123.3,124.08,21071248
19-07-2023,124.79,125.47,122.47,122.78,22313803
20-07-2023,122.12,124.7,118.69,119.53,27541711
21-07-2023,120.87,121.3,119.07,120.31,56514645
24-07-2023,121.93,123.35,121.38,121.88,22312220
25-07-2023,121.88,123.69,121.53,122.79,31820846
26-07-2023,130.36,131.37,128.71,129.66,46216895
27-07-2023,131.8,133.6,129.18,129.87,35931612
28-07-2023,130.97,134.07,130.92,133.01,26971011
31-07-2023,133.01,133.83,132.13,133.11,18381891
01-08-2023,130.85,132.92,130.75,131.89,22219012
02-08-2023,129.84,130.42,127.85,128.64,22705778
03-08-2023,128.37,129.77,127.78,128.77,15086132
04-08-2023,129.6,131.93,128.32,128.54,20521852
07-08-2023,129.51,132.06,129.43,131.94,17621041
08-08-2023,130.98,131.94,130.13,131.84,16835952
09-08-2023,132.19,132.47,129.51,130.15,17745218
10-08-2023,131.97,132.65,130.04,130.21,17855681
11-08-2023,129.2,130.44,128.75,130.17,15205465
14-08-2023,129.85,131.91,129.59,131.83,17526195
15-08-2023,131.59,131.99,129.82,130.27,14769173
16-08-2023,129.28,130.9,128.46,129.11,17548355
17-08-2023,130.45,132.49,129.85,130.46,23665562
18-08-2023,129.06,129.83,127,128.11,23627202
21-08-2023,127.85,129.26,127.16,128.93,21851070
22-08-2023,129.13,130.95,128.93,129.69,15569373
23-08-2023,130.85,134.07,130.51,133.21,26497027
24-08-2023,134.73,134.97,130.3,130.42,18680381
25-08-2023,130.14,131.4,128.04,130.69,20678096
28-08-2023,132.08,133.24,130.85,131.79,16715467
29-08-2023,133,137.29,132.98,135.49,30803265
30-08-2023,135.57,137.25,135.02,136.93,21773356
31-08-2023,137.05,138.4,136.82,137.35,28147850
01-09-2023,138.43,138.58,135.94,136.8,16671647
05-09-2023,136.44,137.37,135.56,136.71,17730218
06-09-2023,137.01,137.48,134.69,135.37,15814327
07-09-2023,134.6,136.58,133.96,136.2,16975956
08-09-2023,135.87,137.51,135.87,137.2,17820005
11-09-2023,137.38,138.26,136.55,137.74,17180755
12-09-2023,137.13,137.64,135.93,136.07,15212934
13-09-2023,135.9,137.7,134.93,137.5,16394915
14-09-2023,138.39,139.55,137.06,138.99,19064607
15-09-2023,138.8,139.36,137.18,138.3,48958837
18-09-2023,137.63,139.93,137.63,138.96,16233590
19-09-2023,138.25,139.18,137.5,138.83,15484644
20-09-2023,138.83,138.84,134.52,134.59,21473533
21-09-2023,132.39,133.19,131.09,131.36,22058375
22-09-2023,131.68,133.01,130.51,131.25,17355284
25-09-2023,130.77,132.22,130.03,132.17,14650032
26-09-2023,130.91,131.41,128.19,129.45,20378789
27-09-2023,129.44,131.72,129.38,131.46,18764201
28-09-2023,130.69,134.18,130.69,133.13,18201389
29-09-2023,134.08,134.89,131.32,131.85,23237336
02-10-2023,132.16,135.36,132.07,135.17,19210394
03-10-2023,134.93,135.24,132.82,133.3,19628736
04-10-2023,133.66,136.57,133.43,136.27,22847987
05-10-2023,136.13,136.5,134.46,135.99,15922944
06-10-2023,134.94,139.19,134.94,138.73,20826683
09-10-2023,137.99,139.97,136.7,139.5,16599099
10-10-2023,139.51,140.74,138.43,139.2,19554916
11-10-2023,139.85,142.22,139.84,141.7,20146341
12-10-2023,142.16,142.38,139.45,140.29,18173107
13-10-2023,140.65,141.34,137.97,138.58,19447565
16-10-2023,139.73,140.91,139.32,140.49,17345556
17-10-2023,140.03,141.25,138.53,140.99,17424024
18-10-2023,140.75,141.99,138.71,139.28,18304869
19-10-2023,139.8,141.01,138.6,138.98,21831181
20-10-2023,138.59,139.04,136.25,136.74,24970263
23-10-2023,136.23,139.02,135.11,137.9,20780665
24-10-2023,139.16,140.71,138.75,140.12,26535198
25-10-2023,129.77,130.1,126.09,126.67,58796067
26-10-2023,124.47,125.46,122.32,123.44,33907363
27-10-2023,124.03,124.44,121.46,123.4,37367673
30-10-2023,124.46,126.55,123.88,125.75,24165631
31-10-2023,126.27,126.56,123.93,125.3,21123418
01-11-2023,125.34,127.74,124.93,127.57,26536604
02-11-2023,129.56,130.09,128.11,128.58,24091672
03-11-2023,129.09,130.73,129.01,130.37,19529448
06-11-2023,130.22,131.56,129.93,131.45,15360362
07-11-2023,131.98,133.28,131.14,132.4,19223786
08-11-2023,132.36,133.54,132.16,133.26,15093598
09-11-2023,133.36,133.96,131.51,131.69,17976533
10-11-2023,131.53,134.27,130.87,134.06,20879838
13-11-2023,133.36,134.11,132.77,133.64,16409856
14-11-2023,135.65,137.24,135.1,135.43,22317345
15-11-2023,136.64,136.84,135.33,136.38,15840883
16-11-2023,136.96,138.88,136.08,138.7,17615068
17-11-2023,137.82,138,135.48,136.94,25590191
20-11-2023,135.5,138.43,135.49,137.92,19589006
21-11-2023,137.94,138.97,137.71,138.62,17648067
22-11-2023,139.1,141.1,139,140.02,17310209
24-11-2023,139.54,139.68,137.47,138.22,8828640
27-11-2023,137.57,139.63,137.54,138.05,17886389
28-11-2023,137.63,138.66,137.04,138.62,17046868
29-11-2023,138.99,139.67,136.29,136.4,21014715
30-11-2023,136.4,136.96,132.79,133.92,29913531
01-12-2023,133.32,133.5,132.15,133.32,24267987
04-12-2023,131.29,131.45,129.4,130.63,24117083
05-12-2023,130.37,133.54,129.73,132.39,19235145
06-12-2023,132.9,133.31,131.31,131.43,16360648
07-12-2023,136.6,140,136.23,138.45,38419426
08-12-2023,135.66,137.99,135.57,136.64,23016139
11-12-2023,133.82,134.79,132.89,134.7,24502860
12-12-2023,133.27,134.54,132.83,133.64,26583981
13-12-2023,134.54,134.78,132.95,133.97,25414461
14-12-2023,134.77,135.04,131.06,133.2,29619098
15-12-2023,132.92,134.83,132.63,133.84,58594004
18-12-2023,133.86,138.38,133.77,137.19,25699767
19-12-2023,138,138.77,137.45,138.1,20661000
20-12-2023,140.33,143.08,139.41,139.66,33507342
21-12-2023,140.77,142.03,140.47,141.8,18101476
22-12-2023,142.13,143.25,142.06,142.72,18513524
26-12-2023,142.98,143.95,142.5,142.82,11170066
27-12-2023,142.83,143.32,141.05,141.44,17288358
28-12-2023,141.85,142.27,140.83,141.28,12192549
29-12-2023,140.68,141.44,139.9,140.93,14880961
02-01-2024,139.6,140.61,137.74,139.56,20071885
03-01-2024,138.6,141.09,138.43,140.36,18974308
04-01-2024,139.85,140.64,138.01,138.04,18253331
05-01-2024,138.35,138.81,136.85,137.39,15439475
08-01-2024,138,140.64,137.88,140.53,17645293
09-01-2024,140.06,142.8,139.79,142.56,19579667
10-01-2024,142.52,144.53,142.46,143.8,16641881
11-01-2024,144.9,146.66,142.22,143.67,17471130
12-01-2024,144.34,144.74,143.36,144.24,13998729
16-01-2024,143.43,145.84,143.06,144.08,19198939
17-01-2024,142.91,143.41,140.51,142.89,17884548
18-01-2024,143.44,145.59,143.35,144.99,18876800
19-01-2024,146.31,148.04,145.8,147.97,27181032
22-01-2024,148.71,150.01,147.58,147.71,21829232
23-01-2024,147.72,148.86,147.19,148.68,14113649
24-01-2024,150.29,151.57,149.84,150.35,19245031
25-01-2024,151.74,154.76,151.22,153.64,21495120
26-01-2024,152.87,154.11,152.8,153.79,19494488
29-01-2024,153.64,155.2,152.92,154.84,20909258
30-01-2024,154.01,155.04,152.78,153.05,26578934
31-01-2024,145.39,145.59,141.55,141.8,43908584
01-02-2024,143.69,144.62,142.26,142.71,25526855
02-02-2024,140.89,143.88,138.17,143.54,42136127
05-02-2024,144.04,146.67,143.91,144.93,29254444
06-02-2024,145.96,146.74,144.52,145.41,21517655
07-02-2024,146.12,147,145.21,146.68,21436126
08-02-2024,146.97,147.61,146.42,147.22,18241319
09-02-2024,147.95,150.7,147.43,150.22,21877693
12-02-2024,149.54,150.59,148.56,148.73,17236108
13-02-2024,146.07,148.04,145.11,146.37,18138482
14-02-2024,147.37,147.83,145.56,147.14,16651824
15-02-2024,144.46,144.76,141.88,143.94,26724305
16-02-2024,144.21,144.48,141.52,141.76,21865118
20-02-2024,140.94,143.33,140.8,142.2,18625589
21-02-2024,142.64,143.98,141.91,143.84,16499584
22-02-2024,146.12,146.2,144.01,145.32,23024707
23-02-2024,144.97,145.96,144.79,145.29,14519434
26-02-2024,143.45,143.84,138.74,138.75,33513011
27-02-2024,139.41,140.49,138.5,140.1,22363981
28-02-2024,139.1,139.28,136.64,137.43,30628702
29-02-2024,138.35,139.95,137.57,139.78,35485006
01-03-2024,139.61,140,137.98,138.08,28551525
04-03-2024,136.54,136.63,132.86,134.2,43571510
05-03-2024,132.74,134.02,131.55,133.78,28447550
06-03-2024,134.24,134.74,131.95,132.56,23175200
07-03-2024,133.89,135.82,132.66,135.24,24107282
08-03-2024,135.04,138.99,134.8,136.29,26495160
11-03-2024,137.07,139.98,137.07,138.94,22536365
12-03-2024,138.25,140.28,138.21,139.62,19019696
13-03-2024,140.06,142.19,140.01,140.77,19636999
14-03-2024,142.3,144.73,141.49,144.34,36117913
15-03-2024,143.41,144.34,141.13,142.17,41039494
18-03-2024,149.37,152.93,148.14,148.48,47676689
19-03-2024,148.98,149.62,147.01,147.92,17748367
20-03-2024,148.79,149.76,147.67,149.68,17729996
21-03-2024,150.32,151.31,148.01,148.74,19843915
22-03-2024,150.24,152.56,150.09,151.77,19252925
25-03-2024,150.95,151.46,148.8,151.15,15114728
26-03-2024,151.24,153.2,151.03,151.7,19312694
27-03-2024,152.15,152.69,150.13,151.94,16621964
28-03-2024,152,152.67,151.33,152.26,21105628
01-04-2024,151.83,157,151.65,156.5,24469815
02-04-2024,154.75,155.99,153.46,155.87,17598064
03-04-2024,154.92,156.55,154.13,156.37,17266175
04-04-2024,155.08,156.18,151.88,151.94,24184842
05-04-2024,151.68,154.84,151.08,153.94,16297319
08-04-2024,154.01,156.66,153.99,156.14,16641530
09-04-2024,157.35,159.89,156.64,158.14,21538140
10-04-2024,157.88,158.16,156.2,157.66,16339174
11-04-2024,158.34,161.12,157.93,160.79,17841703
12-04-2024,159.41,161.7,158.6,159.19,16989765
15-04-2024,160.28,160.83,156.15,156.33,21140948
16-04-2024,155.64,157.23,155.05,156,15413201
17-04-2024,157.19,158.68,156.14,156.88,16237752
18-04-2024,156.93,158.49,156.21,157.46,14016065
19-04-2024,157.75,157.99,153.91,155.72,21479881
22-04-2024,156.01,159.19,155.66,157.95,17243870
23-04-2024,158.59,160.48,157.97,159.92,16115408
24-04-2024,159.09,161.39,158.82,161.1,19485694
25-04-2024,153.36,158.28,152.77,157.95,36197789
26-04-2024,175.99,176.42,171.4,173.69,56500787
29-04-2024,170.77,171.38,167.06,167.9,35914561
30-04-2024,167.38,169.87,164.5,164.64,29420755
01-05-2024,166.18,168.81,164.9,165.57,25223245
02-05-2024,166.67,168.53,165.69,168.46,17041119
03-05-2024,169.54,169.85,164.98,168.99,22767056
06-05-2024,169.22,169.9,167.89,169.83,15147906
07-05-2024,170.12,173.47,170,172.98,21102434
08-05-2024,170.75,171.91,170.52,171.16,14569858
09-05-2024,171.15,172.44,169.93,171.58,11937704
10-05-2024,169.69,171.34,167.91,170.29,18740458
13-05-2024,165.85,170.95,165.76,170.9,19648585
14-05-2024,171.59,172.78,170.42,171.93,18729463
15-05-2024,172.3,174.05,172.03,173.88,20958245
16-05-2024,174.6,176.34,174.05,175.43,17247311
17-05-2024,175.55,177.5,174.98,177.29,16546353
20-05-2024,177.31,179.95,177.23,178.46,17495122
21-05-2024,178.4,179.82,177.31,179.54,14706021
22-05-2024,178.4,178.85,176.78,178,16189404
23-05-2024,178.78,179.91,174.54,175.06,14928363
24-05-2024,176.52,177.3,175.2,176.33,11403560
28-05-2024,175.74,178.51,175.68,178.02,15655340
29-05-2024,176.81,178.23,176.26,177.4,15023847
30-05-2024,176.69,176.69,173.23,173.56,18844036
31-05-2024,173.4,174.42,170.97,173.96,28085151
03-06-2024,173.88,175.86,172.45,174.42,20742798
04-06-2024,174.45,175.19,173.22,175.13,14066602
05-06-2024,176.54,177.97,175.29,177.07,15233861
06-06-2024,177.43,178.71,177.21,178.35,14255818
07-06-2024,178.46,179.42,175.79,175.95,14716270
10-06-2024,176.45,178.47,174.38,176.63,17122247
11-06-2024,177.72,178.39,175.44,178.19,14402401
12-06-2024,179.75,182.08,177.78,179.56,18600421
13-06-2024,177.84,178.51,176.66,176.74,15956941
14-06-2024,175.85,178.73,175.85,178.37,12361571
17-06-2024,176.98,179.92,176.49,178.78,15272864
18-06-2024,178.79,178.91,175.62,176.45,15640257
20-06-2024,176.71,178.74,176.46,177.71,16753166
21-06-2024,178.49,182.51,178.06,180.26,59728019
24-06-2024,181.28,182.08,180.23,180.79,18198282
25-06-2024,181.15,185.75,181.11,185.58,18917734
26-06-2024,184.2,185.93,183.99,185.37,13375715
27-06-2024,185.65,187.5,185.45,186.86,13025656
28-06-2024,185.72,186.58,183.33,183.42,23032362
01-07-2024,184.48,185.34,182.73,184.49,11815862
02-07-2024,183.47,186.95,183.06,186.61,12555545
03-07-2024,186.3,187.62,185.39,187.39,7409106
05-07-2024,187.32,192.26,187.32,191.96,14303361
08-07-2024,191.37,191.68,189.32,190.48,12097611
09-07-2024,191.75,192.86,190.23,190.44,10224925
10-07-2024,190.75,193.31,190.62,192.66,12052906
11-07-2024,191.34,192.41,186.82,187.3,16451981
12-07-2024,186.92,188.69,186.14,186.78,14449113
15-07-2024,186.49,189.9,186.49,188.19,12186015
16-07-2024,188.96,190.34,185.12,185.5,12760102
17-07-2024,184.68,185.23,181.62,182.62,17376563
18-07-2024,183.54,184.05,178.21,179.22,17877197
19-07-2024,180.37,181.97,178.86,179.39,14485899
22-07-2024,182.35,184.3,181.9,183.35,16303896
23-07-2024,183.84,185.22,183.33,183.6,23772602
24-07-2024,175.39,177.95,173.57,174.37,31250683
25-07-2024,174.25,175.2,169.05,169.16,28967880
26-07-2024,168.77,169.84,165.87,168.68,25150116
29-07-2024,170.5,172.16,169.72,171.13,13768931
30-07-2024,171.83,172.95,170.12,171.86,13681418
31-07-2024,174.92,175.91,171.72,173.15,15650154
01-08-2024,171.98,175.68,170.51,172.45,17177833
02-08-2024,168.19,170.21,166.39,168.4,18907773
05-08-2024,157.37,165.94,156.6,160.64,34907815
06-08-2024,160.95,162.35,158.13,160.54,36146541
07-08-2024,163.24,164.79,160.24,160.75,19334246
08-08-2024,162.34,165.5,162.03,163.84,15733612
09-08-2024,161.65,165.52,160.93,165.39,13549230
12-08-2024,166,166.7,163.55,163.95,12434969
13-08-2024,165.19,166.54,164.77,165.93,12717628
14-08-2024,164.21,164.96,159.53,162.03,22515895
15-08-2024,162.21,163.52,161.49,163.17,18392452
16-08-2024,163.41,166.95,163.08,164.74,16853137
19-08-2024,167,168.47,166.09,168.4,13100762
20-08-2024,168.74,170.41,168.66,168.96,12622523
21-08-2024,166.99,168.64,166.57,167.63,15269550
22-08-2024,169.04,169.42,165.03,165.49,19123778
23-08-2024,166.55,167.95,165.66,167.43,14281621
26-08-2024,168.16,169.38,166.32,167.93,11990305
27-08-2024,167.61,168.25,166.16,166.38,13718162
28-08-2024,166.78,167.39,163.28,164.5,15208736
29-08-2024,166.06,167.63,161.98,163.4,17133830
30-08-2024,164.22,165.28,163.41,165.11,18498777
03-09-2024,163.32,163.38,157.85,158.61,26533110
04-09-2024,158.07,160.4,157.44,157.81,17410652
05-09-2024,157.78,161.01,157.52,158.6,14139501
06-09-2024,158.69,159.22,151.94,152.13,24999062
09-09-2024,153.63,154.64,148.2,149.54,28057746
10-09-2024,151.45,152.3,149.54,150.01,20401774
11-09-2024,151.09,152.48,148.7,152.15,18991486
12-09-2024,154.81,155.61,153.5,155.54,21024062
13-09-2024,156.36,159.28,156.11,158.37,16733908
16-09-2024,158.33,159.24,157.61,158.99,14157614
17-09-2024,160.09,161.59,159.41,160.28,12064790
18-09-2024,160.85,161.63,159.66,160.81,16756450
19-09-2024,164.82,164.99,162.52,163.24,17548190
20-09-2024,164.52,164.75,163.18,164.64,46362673
23-09-2024,165.34,166.61,162.95,163.07,15648446
24-09-2024,164.25,164.55,162.03,163.64,18774056
25-09-2024,162.97,164.22,162.78,162.99,13607892
26-09-2024,165.03,165.5,163.5,163.83,18234497
27-09-2024,163.91,166.97,163.83,165.29,13604261
30-09-2024,164.78,167.36,164.64,167.19,14083451
01-10-2024,168.86,170.44,165.9,168.42,18629506
02-10-2024,167.76,168.88,166.25,167.31,12744975
03-10-2024,165.82,167.91,165.37,167.21,11004333
04-10-2024,169.34,169.55,166.96,168.56,11435318
07-10-2024,169.14,169.9,164.13,164.39,14034722
08-10-2024,165.43,166.1,164.31,165.7,11723885
09-10-2024,164.86,166.26,161.12,163.06,19666411
10-10-2024,162.11,164.31,161.64,163.18,12900492
11-10-2024,163.33,165.27,162.5,164.52,10945971
14-10-2024,164.91,167.62,164.78,166.35,9981765
15-10-2024,167.14,169.09,166.05,166.9,14829338
16-10-2024,166.03,167.28,165.22,166.74,9968474
17-10-2024,167.38,167.93,164.37,164.51,15113356
18-10-2024,164.87,166.37,164.75,165.05,13091267
21-10-2024,164.58,166.22,164.31,165.8,11384047
22-10-2024,164.7,167.47,164.67,166.82,11958617
23-10-2024,166.43,167.6,163.63,164.48,12754283
24-10-2024,164.59,165.05,162.77,164.53,12764430
25-10-2024,165.37,167.4,165.23,166.99,14566410
28-10-2024,170.59,170.61,165.79,168.34,20858254
29-10-2024,169.39,171.86,168.66,171.14,28916106
30-10-2024,182.41,183.79,175.75,176.14,49698313
31-10-2024,174.72,178.42,172.56,172.69,32801898
01-11-2024,171.54,173.82,170.31,172.65,21752859
04-11-2024,171.24,171.92,169.49,170.68,16193994
05-11-2024,170.83,172.1,170.37,171.41,12518282
06-11-2024,175.35,178.64,175.04,178.33,27061510
07-11-2024,179.11,182.58,178.89,182.28,16730407
08-11-2024,182,182.35,179.57,179.86,15021549
11-11-2024,180.07,182.09,179.99,181.97,12503422
12-11-2024,181.38,184.03,180.99,183.32,14065845
13-11-2024,182.15,182.62,180.12,180.49,13969709
14-11-2024,179.75,180.45,176.03,177.35,17925763
15-11-2024,175.64,175.88,172.75,173.89,21708870
18-11-2024,174.96,176.91,174.42,176.8,18725422
19-11-2024,175.24,180.17,175.12,179.58,15392866
20-11-2024,178.83,179.11,175.33,177.33,15729806
21-11-2024,175.46,175.58,165.31,169.24,38839431
22-11-2024,167.16,168.26,165.71,166.57,24497042
25-11-2024,167.99,170.46,167.4,169.43,21395652
26-11-2024,169.49,171.5,169.43,170.62,14937478
27-11-2024,170.68,171.14,169.67,170.82,12433371
29-11-2024,170.06,170.87,168.75,170.49,9250712
02-12-2024,170.32,173.6,170.27,172.98,16593444
03-12-2024,173.12,174.32,172.51,173.02,15721483
04-12-2024,172.78,176.43,172.75,176.09,18239842
05-12-2024,177.32,177.71,174.01,174.31,16145520
06-12-2024,173.88,176.84,173.55,176.49,13319549
09-12-2024,175.72,178.04,175.4,177.1,19887786
10-12-2024,184.54,188.03,182.67,186.53,34317438
11-12-2024,186.7,196.89,186.26,196.71,41664489
12-12-2024,196.3,196.71,193.28,193.63,25197757
13-12-2024,192.71,194.34,191.26,191.38,18883217
16-12-2024,194.37,200.64,194.11,198.16,32248640
17-12-2024,198.53,202.88,196.69,197.12,24129481
18-12-2024,196.83,198.69,189.28,190.15,27638416
19-12-2024,193.28,194.6,189.52,189.7,26981196
20-12-2024,187.01,194.14,186.37,192.96,45319703
23-12-2024,194.03,196.49,191.63,195.99,15235942
24-12-2024,196.17,197.67,195.2,197.57,6809823
26-12-2024,196.74,198.16,195.87,197.1,7918434
27-12-2024,196.47,196.8,191.97,194.04,14692994
30-12-2024,190.87,193.78,190.36,192.69,12209534
31-12-2024,192.45,193.25,189.58,190.44,14355221
